url_path,views_total,views_unique
/cubicleguy/ess_imu_driver/tree/noetic/src,71,1
/cubicleguy/ess_imu_driver/blob/noetic/src/sensor_epsonCommon.c,37,1
/cubicleguy/ess_imu_driver/blob/noetic/src/sensor_epsonCommon.h,21,1
/cubicleguy/ess_imu_driver/blob/noetic/src/sensor_epsonUart.c,18,1
/cubicleguy/ess_imu_driver/blob/noetic/src/epson_imu_uart_ros_node.cpp,13,1
/cubicleguy/ess_imu_driver,7,4
/cubicleguy/ess_imu_driver/blob/noetic/src/hcl_uart.c,5,1
/cubicleguy/ess_imu_driver/blob/noetic/src/hcl_gpio.c,4,1
/cubicleguy/ess_imu_driver/blob/noetic/src/hcl_linux.c,4,1
/cubicleguy/ess_imu_driver/blob/noetic/src/hcl_gpio_rpi.c,3,1
